{"cameraMode":{"drawMode":0,"name":"Shaded","section":"Shading Mode"},"sceneLighting":false,"audioPlay":false,"sceneViewState":{"showFog":true,"showMaterialUpdate":false,"showSkybox":false,"showFlares":true,"showImageEffects":true,"showParticleSystems":true},"in2DMode":false,"pivot":{"x":14.886348724365235,"y":0.3719099164009094,"z":-63.69411849975586},"rotation":{"x":0.06874026358127594,"y":0.7780572175979614,"z":-0.08691667765378952,"w":0.6188520193099976},"size":3.6821248531341554,"orthographic":false}