{"cameraMode":{"drawMode":0,"name":"Shaded","section":"Shading Mode"},"sceneLighting":true,"audioPlay":false,"sceneViewState":{"showFog":true,"showMaterialUpdate":false,"showSkybox":true,"showFlares":true,"showImageEffects":true,"showParticleSystems":true},"in2DMode":false,"pivot":{"x":60.15835189819336,"y":-25.471269607543947,"z":-0.8101856112480164},"rotation":{"x":0.1468968540430069,"y":0.6991517543792725,"z":-0.1521950364112854,"w":0.6837900280952454},"size":66.59061431884766,"orthographic":false}